param 0-univ-count,param 1-n,param kind,param n,abstract real,abstract sys,abstract user,close-abstract real,close-abstract sys,close-abstract user,exact real,exact sys,exact user,pattern real,pattern sys,pattern user
1,0,n_polymorphic_universes,,0.,0.,0.,0.,0.,0.,0.,0.,0.,,,
2,1,n_polymorphic_universes,,0.001,0.,0.,0.,0.,0.,0.,0.,0.,,,
4,2,n_polymorphic_universes,,0.001,0.,0.,0.,0.,0.,0.,0.,0.,,,
8,3,n_polymorphic_universes,,0.001,0.,0.001,0.,0.,0.,0.,0.,0.,,,
16,4,n_polymorphic_universes,,0.003,0.003,0.,0.,0.,0.,0.,0.,0.,,,
32,5,n_polymorphic_universes,,0.005,0.,0.005,0.,0.,0.,0.001,0.,0.001,,,
64,6,n_polymorphic_universes,,0.012,0.003,0.008,0.,0.,0.,0.003,0.003,0.,,,
128,7,n_polymorphic_universes,,0.075,0.011,0.064,0.,0.,0.,0.007,0.003,0.003,,,
256,8,n_polymorphic_universes,,0.042,0.,0.042,0.,0.,0.,0.01,0.,0.01,,,
512,9,n_polymorphic_universes,,0.115,0.,0.115,0.,0.,0.,0.022,0.,0.022,,,
1024,10,n_polymorphic_universes,,0.257,0.,0.257,0.,0.,0.,0.05,0.,0.05,,,
2048,11,n_polymorphic_universes,,0.869,0.01,0.859,0.,0.,0.,0.13,0.003,0.127,,,
4096,12,n_polymorphic_universes,,2.78,0.006,2.773,0.,0.,0.,0.235,0.,0.235,,,
8192,13,n_polymorphic_universes,,9.635,0.027,9.607,0.,0.,0.,0.494,0.012,0.482,,,
16384,14,n_polymorphic_universes,,38.741,0.079,38.649,0.,0.,0.,1.02,0.012,1.007,,,
,,pattern,1,,,,,,,,,,0.,0.,0.
,,pattern,2,,,,,,,,,,0.,0.,0.
,,pattern,3,,,,,,,,,,0.003,0.,0.003
,,pattern,4,,,,,,,,,,0.,0.,0.
,,pattern,5,,,,,,,,,,0.,0.,0.
,,pattern,6,,,,,,,,,,0.,0.,0.
,,pattern,7,,,,,,,,,,0.,0.,0.
,,pattern,8,,,,,,,,,,0.,0.,0.
,,pattern,9,,,,,,,,,,0.05,0.,0.05
,,pattern,10,,,,,,,,,,0.,0.,0.
,,pattern,11,,,,,,,,,,0.,0.,0.
,,pattern,12,,,,,,,,,,0.,0.,0.
,,pattern,13,,,,,,,,,,0.,0.,0.
,,pattern,14,,,,,,,,,,0.,0.,0.
,,pattern,15,,,,,,,,,,0.,0.,0.
,,pattern,16,,,,,,,,,,0.,0.,0.
,,pattern,17,,,,,,,,,,0.,0.,0.
,,pattern,18,,,,,,,,,,0.,0.,0.
,,pattern,19,,,,,,,,,,0.,0.,0.
,,pattern,20,,,,,,,,,,0.,0.,0.
,,pattern,21,,,,,,,,,,0.,0.,0.
,,pattern,22,,,,,,,,,,0.,0.,0.
,,pattern,23,,,,,,,,,,0.,0.,0.
,,pattern,24,,,,,,,,,,0.,0.,0.
,,pattern,25,,,,,,,,,,0.,0.,0.
,,pattern,26,,,,,,,,,,0.,0.,0.
,,pattern,27,,,,,,,,,,0.,0.,0.
,,pattern,28,,,,,,,,,,0.,0.,0.
,,pattern,29,,,,,,,,,,0.,0.,0.
,,pattern,30,,,,,,,,,,0.,0.,0.
,,pattern,31,,,,,,,,,,0.,0.,0.
,,pattern,32,,,,,,,,,,0.,0.,0.
,,pattern,33,,,,,,,,,,0.,0.,0.
,,pattern,34,,,,,,,,,,0.,0.,0.
,,pattern,35,,,,,,,,,,0.,0.,0.
,,pattern,36,,,,,,,,,,0.,0.,0.
,,pattern,37,,,,,,,,,,0.,0.,0.
,,pattern,38,,,,,,,,,,0.,0.,0.
,,pattern,39,,,,,,,,,,0.,0.,0.
,,pattern,40,,,,,,,,,,0.,0.,0.001
,,pattern,41,,,,,,,,,,0.,0.,0.
,,pattern,42,,,,,,,,,,0.,0.,0.
,,pattern,43,,,,,,,,,,0.,0.,0.001
,,pattern,44,,,,,,,,,,0.001,0.,0.001
,,pattern,45,,,,,,,,,,0.001,0.,0.001
,,pattern,46,,,,,,,,,,0.001,0.,0.001
,,pattern,47,,,,,,,,,,0.001,0.,0.001
,,pattern,48,,,,,,,,,,0.001,0.,0.001
,,pattern,49,,,,,,,,,,0.001,0.,0.001
,,pattern,50,,,,,,,,,,0.001,0.,0.001
,,pattern,51,,,,,,,,,,0.001,0.,0.001
,,pattern,52,,,,,,,,,,0.001,0.,0.001
,,pattern,53,,,,,,,,,,0.001,0.,0.001
,,pattern,54,,,,,,,,,,0.001,0.,0.001
,,pattern,55,,,,,,,,,,0.001,0.,0.001
,,pattern,56,,,,,,,,,,0.001,0.,0.001
,,pattern,57,,,,,,,,,,0.001,0.,0.001
,,pattern,58,,,,,,,,,,0.001,0.,0.001
,,pattern,59,,,,,,,,,,0.001,0.,0.001
,,pattern,60,,,,,,,,,,0.001,0.,0.001
,,pattern,61,,,,,,,,,,0.001,0.,0.001
,,pattern,62,,,,,,,,,,0.001,0.,0.001
,,pattern,63,,,,,,,,,,0.001,0.,0.001
,,pattern,64,,,,,,,,,,0.001,0.,0.001
,,pattern,65,,,,,,,,,,0.001,0.001,0.
,,pattern,66,,,,,,,,,,0.001,0.,0.001
,,pattern,67,,,,,,,,,,0.001,0.,0.001
,,pattern,68,,,,,,,,,,0.001,0.,0.001
,,pattern,69,,,,,,,,,,0.001,0.,0.001
,,pattern,70,,,,,,,,,,0.001,0.,0.001
,,pattern,71,,,,,,,,,,0.001,0.,0.001
,,pattern,72,,,,,,,,,,0.001,0.,0.001
,,pattern,73,,,,,,,,,,0.001,0.,0.001
,,pattern,74,,,,,,,,,,0.001,0.,0.001
,,pattern,75,,,,,,,,,,0.002,0.,0.002
,,pattern,76,,,,,,,,,,0.001,0.,0.001
,,pattern,77,,,,,,,,,,0.001,0.,0.001
,,pattern,78,,,,,,,,,,0.001,0.,0.001
,,pattern,79,,,,,,,,,,0.001,0.,0.001
,,pattern,80,,,,,,,,,,0.001,0.,0.001
,,pattern,81,,,,,,,,,,0.001,0.,0.001
,,pattern,82,,,,,,,,,,0.001,0.,0.001
,,pattern,83,,,,,,,,,,0.001,0.,0.001
,,pattern,84,,,,,,,,,,0.001,0.,0.001
,,pattern,85,,,,,,,,,,0.001,0.,0.001
,,pattern,86,,,,,,,,,,0.001,0.,0.001
,,pattern,87,,,,,,,,,,0.001,0.,0.001
,,pattern,88,,,,,,,,,,0.001,0.,0.001
,,pattern,89,,,,,,,,,,0.001,0.,0.001
,,pattern,90,,,,,,,,,,0.002,0.,0.002
,,pattern,91,,,,,,,,,,0.001,0.,0.001
,,pattern,92,,,,,,,,,,0.002,0.,0.002
,,pattern,93,,,,,,,,,,0.002,0.,0.002
,,pattern,94,,,,,,,,,,0.002,0.,0.002
,,pattern,95,,,,,,,,,,0.002,0.,0.002
,,pattern,96,,,,,,,,,,0.005,0.,0.002
,,pattern,97,,,,,,,,,,0.003,0.,0.002
,,pattern,98,,,,,,,,,,0.006,0.002,0.
,,pattern,99,,,,,,,,,,0.002,0.,0.001
,,pattern,100,,,,,,,,,,0.002,0.,0.002
,,pattern,101,,,,,,,,,,0.003,0.,0.003
,,pattern,102,,,,,,,,,,0.003,0.002,0.
,,pattern,103,,,,,,,,,,0.003,0.,0.003
,,pattern,104,,,,,,,,,,0.002,0.,0.001
,,pattern,105,,,,,,,,,,0.002,0.,0.002
,,pattern,106,,,,,,,,,,0.002,0.,0.002
,,pattern,107,,,,,,,,,,0.002,0.,0.002
,,pattern,108,,,,,,,,,,0.002,0.,0.002
,,pattern,109,,,,,,,,,,0.002,0.,0.002
,,pattern,110,,,,,,,,,,0.003,0.,0.002
,,pattern,111,,,,,,,,,,0.002,0.,0.002
,,pattern,112,,,,,,,,,,0.002,0.,0.002
,,pattern,113,,,,,,,,,,0.002,0.,0.002
,,pattern,114,,,,,,,,,,0.002,0.,0.002
,,pattern,115,,,,,,,,,,0.003,0.,0.002
,,pattern,116,,,,,,,,,,0.002,0.,0.002
,,pattern,117,,,,,,,,,,0.002,0.,0.002
,,pattern,118,,,,,,,,,,0.002,0.,0.002
,,pattern,119,,,,,,,,,,0.002,0.,0.002
,,pattern,120,,,,,,,,,,0.002,0.,0.002
,,pattern,121,,,,,,,,,,0.002,0.,0.002
,,pattern,122,,,,,,,,,,0.002,0.,0.002
,,pattern,123,,,,,,,,,,0.003,0.,0.003
,,pattern,124,,,,,,,,,,0.002,0.,0.002
,,pattern,125,,,,,,,,,,0.003,0.,0.003
,,pattern,126,,,,,,,,,,0.003,0.,0.003
,,pattern,127,,,,,,,,,,0.003,0.,0.003
,,pattern,128,,,,,,,,,,0.003,0.,0.003
,,pattern,129,,,,,,,,,,0.003,0.,0.003
,,pattern,130,,,,,,,,,,0.003,0.,0.002
,,pattern,131,,,,,,,,,,0.003,0.,0.003
,,pattern,132,,,,,,,,,,0.004,0.,0.004
,,pattern,133,,,,,,,,,,0.003,0.,0.003
,,pattern,134,,,,,,,,,,0.003,0.,0.003
,,pattern,135,,,,,,,,,,0.003,0.,0.003
,,pattern,136,,,,,,,,,,0.005,0.,0.005
,,pattern,137,,,,,,,,,,0.003,0.,0.003
,,pattern,138,,,,,,,,,,0.003,0.,0.003
,,pattern,139,,,,,,,,,,0.003,0.,0.003
,,pattern,140,,,,,,,,,,0.003,0.002,0.
,,pattern,141,,,,,,,,,,0.003,0.,0.003
,,pattern,142,,,,,,,,,,0.003,0.,0.003
,,pattern,143,,,,,,,,,,0.003,0.,0.003
,,pattern,144,,,,,,,,,,0.003,0.,0.003
,,pattern,145,,,,,,,,,,0.003,0.,0.002
,,pattern,146,,,,,,,,,,0.003,0.,0.
,,pattern,147,,,,,,,,,,0.003,0.,0.009
,,pattern,148,,,,,,,,,,0.003,0.,0.003
,,pattern,149,,,,,,,,,,0.003,0.,0.003
,,pattern,150,,,,,,,,,,0.003,0.,0.003
,,pattern,151,,,,,,,,,,0.003,0.,0.003
,,pattern,152,,,,,,,,,,0.003,0.,0.003
,,pattern,153,,,,,,,,,,0.003,0.,0.003
,,pattern,154,,,,,,,,,,0.003,0.,0.003
,,pattern,155,,,,,,,,,,0.003,0.,0.003
,,pattern,156,,,,,,,,,,0.003,0.,0.003
,,pattern,157,,,,,,,,,,0.003,0.,0.003
,,pattern,158,,,,,,,,,,0.009,0.,0.008
,,pattern,159,,,,,,,,,,0.003,0.,0.003
,,pattern,160,,,,,,,,,,0.003,0.,0.003
,,pattern,161,,,,,,,,,,0.004,0.,0.004
,,pattern,162,,,,,,,,,,0.003,0.,0.003
,,pattern,163,,,,,,,,,,0.003,0.,0.003
,,pattern,164,,,,,,,,,,0.003,0.,0.003
,,pattern,165,,,,,,,,,,0.004,0.,0.004
,,pattern,166,,,,,,,,,,0.004,0.,0.004
,,pattern,167,,,,,,,,,,0.004,0.,0.004
,,pattern,168,,,,,,,,,,0.007,0.,0.007
,,pattern,169,,,,,,,,,,0.004,0.,0.004
,,pattern,170,,,,,,,,,,0.005,0.,0.005
,,pattern,171,,,,,,,,,,0.008,0.,0.008
,,pattern,172,,,,,,,,,,0.003,0.,0.003
,,pattern,173,,,,,,,,,,0.003,0.,0.003
,,pattern,174,,,,,,,,,,0.003,0.,0.003
,,pattern,175,,,,,,,,,,0.009,0.,0.008
,,pattern,176,,,,,,,,,,0.004,0.,0.004
,,pattern,177,,,,,,,,,,0.005,0.,0.005
,,pattern,178,,,,,,,,,,0.006,0.,0.006
,,pattern,179,,,,,,,,,,0.003,0.,0.003
,,pattern,180,,,,,,,,,,0.003,0.,0.003
,,pattern,181,,,,,,,,,,0.003,0.,0.003
,,pattern,182,,,,,,,,,,0.003,0.,0.003
,,pattern,183,,,,,,,,,,0.004,0.,0.004
,,pattern,184,,,,,,,,,,0.004,0.,0.004
,,pattern,185,,,,,,,,,,0.003,0.,0.003
,,pattern,186,,,,,,,,,,0.003,0.,0.003
,,pattern,187,,,,,,,,,,0.005,0.,0.005
,,pattern,188,,,,,,,,,,0.004,0.,0.004
,,pattern,189,,,,,,,,,,0.004,0.,0.004
,,pattern,190,,,,,,,,,,0.004,0.,0.004
,,pattern,191,,,,,,,,,,0.004,0.,0.004
,,pattern,192,,,,,,,,,,0.004,0.,0.004
,,pattern,193,,,,,,,,,,0.004,0.,0.004
,,pattern,194,,,,,,,,,,0.004,0.,0.004
,,pattern,195,,,,,,,,,,0.004,0.,0.004
,,pattern,196,,,,,,,,,,0.006,0.,0.006
,,pattern,197,,,,,,,,,,0.006,0.,0.006
,,pattern,198,,,,,,,,,,0.005,0.,0.005
,,pattern,199,,,,,,,,,,0.004,0.,0.004
,,pattern,200,,,,,,,,,,0.007,0.,0.007
,,pattern,201,,,,,,,,,,0.004,0.,0.004
,,pattern,202,,,,,,,,,,0.006,0.,0.006
,,pattern,203,,,,,,,,,,0.005,0.,0.005
,,pattern,204,,,,,,,,,,0.004,0.,0.004
,,pattern,205,,,,,,,,,,0.005,0.,0.005
,,pattern,206,,,,,,,,,,0.004,0.,0.004
,,pattern,207,,,,,,,,,,0.004,0.,0.004
,,pattern,208,,,,,,,,,,0.005,0.,0.005
,,pattern,209,,,,,,,,,,0.004,0.,0.004
,,pattern,210,,,,,,,,,,0.004,0.,0.004
,,pattern,211,,,,,,,,,,0.004,0.,0.004
,,pattern,212,,,,,,,,,,0.004,0.,0.004
,,pattern,213,,,,,,,,,,0.006,0.,0.006
,,pattern,214,,,,,,,,,,0.004,0.,0.004
,,pattern,215,,,,,,,,,,0.004,0.,0.004
,,pattern,216,,,,,,,,,,0.005,0.,0.005
,,pattern,217,,,,,,,,,,0.005,0.,0.005
,,pattern,218,,,,,,,,,,0.006,0.,0.006
,,pattern,219,,,,,,,,,,0.006,0.,0.006
,,pattern,220,,,,,,,,,,0.005,0.,0.005
,,pattern,221,,,,,,,,,,0.005,0.,0.005
,,pattern,222,,,,,,,,,,0.004,0.,0.004
,,pattern,223,,,,,,,,,,0.004,0.,0.004
,,pattern,224,,,,,,,,,,0.004,0.,0.004
,,pattern,225,,,,,,,,,,0.004,0.,0.004
,,pattern,226,,,,,,,,,,0.004,0.,0.004
,,pattern,227,,,,,,,,,,0.004,0.,0.004
,,pattern,228,,,,,,,,,,0.006,0.,0.006
,,pattern,229,,,,,,,,,,0.004,0.,0.004
,,pattern,230,,,,,,,,,,0.004,0.,0.004
,,pattern,231,,,,,,,,,,0.005,0.,0.004
,,pattern,232,,,,,,,,,,0.004,0.,0.004
,,pattern,233,,,,,,,,,,0.004,0.,0.004
,,pattern,234,,,,,,,,,,0.004,0.,0.004
,,pattern,235,,,,,,,,,,0.004,0.,0.004
,,pattern,236,,,,,,,,,,0.005,0.,0.005
,,pattern,237,,,,,,,,,,0.005,0.,0.005
,,pattern,238,,,,,,,,,,0.005,0.,0.005
,,pattern,239,,,,,,,,,,0.005,0.,0.005
,,pattern,240,,,,,,,,,,0.005,0.,0.005
,,pattern,241,,,,,,,,,,0.005,0.,0.005
,,pattern,242,,,,,,,,,,0.005,0.,0.005
,,pattern,243,,,,,,,,,,0.006,0.,0.006
,,pattern,244,,,,,,,,,,0.005,0.,0.005
,,pattern,245,,,,,,,,,,0.005,0.,0.005
,,pattern,246,,,,,,,,,,0.005,0.,0.005
,,pattern,247,,,,,,,,,,0.005,0.,0.005
,,pattern,248,,,,,,,,,,0.005,0.,0.005
,,pattern,249,,,,,,,,,,0.005,0.,0.005
,,pattern,250,,,,,,,,,,0.005,0.,0.005
,,pattern,251,,,,,,,,,,0.009,0.,0.009
,,pattern,252,,,,,,,,,,0.005,0.,0.005
,,pattern,253,,,,,,,,,,0.005,0.,0.005
,,pattern,254,,,,,,,,,,0.005,0.,0.005
,,pattern,255,,,,,,,,,,0.005,0.,0.005
,,pattern,256,,,,,,,,,,0.005,0.,0.005
,,pattern,257,,,,,,,,,,0.005,0.,0.005
,,pattern,258,,,,,,,,,,0.005,0.,0.005
,,pattern,259,,,,,,,,,,0.005,0.,0.005
,,pattern,260,,,,,,,,,,0.005,0.,0.005
,,pattern,261,,,,,,,,,,0.005,0.,0.005
,,pattern,262,,,,,,,,,,0.005,0.,0.005
,,pattern,263,,,,,,,,,,0.006,0.,0.006
,,pattern,264,,,,,,,,,,0.005,0.,0.005
,,pattern,265,,,,,,,,,,0.006,0.,0.006
,,pattern,266,,,,,,,,,,0.005,0.,0.005
,,pattern,267,,,,,,,,,,0.005,0.,0.005
,,pattern,268,,,,,,,,,,0.005,0.,0.005
,,pattern,269,,,,,,,,,,0.005,0.,0.005
,,pattern,270,,,,,,,,,,0.006,0.,0.006
,,pattern,271,,,,,,,,,,0.005,0.,0.005
,,pattern,272,,,,,,,,,,0.005,0.,0.005
,,pattern,273,,,,,,,,,,0.005,0.,0.005
,,pattern,274,,,,,,,,,,0.005,0.,0.005
,,pattern,275,,,,,,,,,,0.005,0.,0.005
,,pattern,276,,,,,,,,,,0.006,0.,0.006
,,pattern,277,,,,,,,,,,0.005,0.,0.005
,,pattern,278,,,,,,,,,,0.005,0.,0.005
,,pattern,279,,,,,,,,,,0.005,0.,0.005
,,pattern,280,,,,,,,,,,0.005,0.,0.005
,,pattern,281,,,,,,,,,,0.005,0.,0.005
,,pattern,282,,,,,,,,,,0.007,0.,0.007
,,pattern,283,,,,,,,,,,0.005,0.,0.005
,,pattern,284,,,,,,,,,,0.006,0.,0.006
,,pattern,285,,,,,,,,,,0.006,0.,0.006
,,pattern,286,,,,,,,,,,0.006,0.,0.006
,,pattern,287,,,,,,,,,,0.007,0.,0.007
,,pattern,288,,,,,,,,,,0.007,0.,0.007
,,pattern,289,,,,,,,,,,0.006,0.,0.006
,,pattern,290,,,,,,,,,,0.007,0.,0.007
,,pattern,291,,,,,,,,,,0.007,0.,0.007
,,pattern,292,,,,,,,,,,0.006,0.,0.006
,,pattern,293,,,,,,,,,,0.007,0.,0.007
,,pattern,294,,,,,,,,,,0.008,0.,0.008
,,pattern,295,,,,,,,,,,0.007,0.,0.007
,,pattern,296,,,,,,,,,,0.008,0.,0.008
,,pattern,297,,,,,,,,,,0.007,0.,0.007
,,pattern,298,,,,,,,,,,0.007,0.,0.007
,,pattern,299,,,,,,,,,,0.007,0.,0.007
,,pattern,300,,,,,,,,,,0.008,0.,0.008
,,pattern,301,,,,,,,,,,0.007,0.,0.007
,,pattern,302,,,,,,,,,,0.007,0.,0.008
,,pattern,303,,,,,,,,,,0.006,0.,0.006
,,pattern,304,,,,,,,,,,0.006,0.,0.006
,,pattern,305,,,,,,,,,,0.006,0.,0.006
,,pattern,306,,,,,,,,,,0.006,0.,0.006
,,pattern,307,,,,,,,,,,0.006,0.,0.006
,,pattern,308,,,,,,,,,,0.006,0.,0.006
,,pattern,309,,,,,,,,,,0.006,0.,0.006
,,pattern,310,,,,,,,,,,0.006,0.,0.006
,,pattern,311,,,,,,,,,,0.007,0.,0.007
,,pattern,312,,,,,,,,,,0.006,0.,0.006
,,pattern,313,,,,,,,,,,0.006,0.,0.006
,,pattern,314,,,,,,,,,,0.006,0.,0.006
,,pattern,315,,,,,,,,,,0.006,0.,0.006
,,pattern,316,,,,,,,,,,0.006,0.,0.006
,,pattern,317,,,,,,,,,,0.008,0.,0.008
,,pattern,318,,,,,,,,,,0.006,0.,0.006
,,pattern,319,,,,,,,,,,0.006,0.,0.006
,,pattern,320,,,,,,,,,,0.006,0.,0.006
,,pattern,321,,,,,,,,,,0.007,0.,0.007
,,pattern,322,,,,,,,,,,0.009,0.,0.009
,,pattern,323,,,,,,,,,,0.008,0.,0.008
,,pattern,324,,,,,,,,,,0.006,0.,0.004
,,pattern,325,,,,,,,,,,0.006,0.,0.011
,,pattern,326,,,,,,,,,,0.006,0.,0.006
,,pattern,327,,,,,,,,,,0.009,0.,0.008
,,pattern,328,,,,,,,,,,0.006,0.,0.007
,,pattern,329,,,,,,,,,,0.007,0.,0.007
,,pattern,330,,,,,,,,,,0.009,0.,0.009
,,pattern,331,,,,,,,,,,0.008,0.,0.008
,,pattern,332,,,,,,,,,,0.016,0.,0.016
,,pattern,333,,,,,,,,,,0.007,0.,0.007
,,pattern,334,,,,,,,,,,0.007,0.,0.007
,,pattern,335,,,,,,,,,,0.007,0.,0.007
,,pattern,336,,,,,,,,,,0.007,0.,0.007
,,pattern,337,,,,,,,,,,0.007,0.,0.007
,,pattern,338,,,,,,,,,,0.008,0.,0.008
,,pattern,339,,,,,,,,,,0.007,0.,0.007
,,pattern,340,,,,,,,,,,0.007,0.,0.007
,,pattern,341,,,,,,,,,,0.008,0.,0.008
,,pattern,342,,,,,,,,,,0.01,0.,0.01
,,pattern,343,,,,,,,,,,0.011,0.001,0.009
,,pattern,344,,,,,,,,,,0.008,0.,0.008
,,pattern,345,,,,,,,,,,0.008,0.,0.008
,,pattern,346,,,,,,,,,,0.008,0.,0.008
,,pattern,347,,,,,,,,,,0.007,0.,0.007
,,pattern,348,,,,,,,,,,0.009,0.,0.009
,,pattern,349,,,,,,,,,,0.008,0.,0.008
,,pattern,350,,,,,,,,,,0.007,0.,0.007
,,pattern,351,,,,,,,,,,0.008,0.,0.008
,,pattern,352,,,,,,,,,,0.008,0.,0.008
,,pattern,353,,,,,,,,,,0.009,0.,0.009
,,pattern,354,,,,,,,,,,0.01,0.,0.01
,,pattern,355,,,,,,,,,,0.008,0.001,0.006
,,pattern,356,,,,,,,,,,0.008,0.,0.008
,,pattern,357,,,,,,,,,,0.008,0.,0.008
,,pattern,358,,,,,,,,,,0.014,0.,0.014
,,pattern,359,,,,,,,,,,0.008,0.,0.008
,,pattern,360,,,,,,,,,,0.007,0.,0.007
,,pattern,361,,,,,,,,,,0.008,0.,0.008
,,pattern,362,,,,,,,,,,0.009,0.,0.009
,,pattern,363,,,,,,,,,,0.008,0.,0.008
,,pattern,364,,,,,,,,,,0.008,0.,0.008
,,pattern,365,,,,,,,,,,0.008,0.,0.008
,,pattern,366,,,,,,,,,,0.009,0.,0.009
,,pattern,367,,,,,,,,,,0.014,0.,0.014
,,pattern,368,,,,,,,,,,0.011,0.,0.013
,,pattern,369,,,,,,,,,,0.011,0.,0.011
,,pattern,370,,,,,,,,,,0.008,0.,0.008
,,pattern,371,,,,,,,,,,0.008,0.,0.008
,,pattern,372,,,,,,,,,,0.008,0.,0.008
,,pattern,373,,,,,,,,,,0.007,0.,0.007
,,pattern,374,,,,,,,,,,0.008,0.,0.008
,,pattern,375,,,,,,,,,,0.008,0.,0.008
,,pattern,376,,,,,,,,,,0.008,0.,0.008
,,pattern,377,,,,,,,,,,0.009,0.,0.009
,,pattern,378,,,,,,,,,,0.008,0.,0.008
,,pattern,379,,,,,,,,,,0.008,0.,0.008
,,pattern,380,,,,,,,,,,0.008,0.,0.008
,,pattern,381,,,,,,,,,,0.009,0.,0.009
,,pattern,382,,,,,,,,,,0.008,0.,0.008
,,pattern,383,,,,,,,,,,0.008,0.,0.008
,,pattern,384,,,,,,,,,,0.008,0.,0.008
,,pattern,385,,,,,,,,,,0.008,0.,0.008
,,pattern,386,,,,,,,,,,0.009,0.,0.009
,,pattern,387,,,,,,,,,,0.008,0.,0.008
,,pattern,388,,,,,,,,,,0.008,0.,0.008
,,pattern,389,,,,,,,,,,0.008,0.,0.008
,,pattern,390,,,,,,,,,,0.01,0.,0.01
,,pattern,391,,,,,,,,,,0.009,0.,0.009
,,pattern,392,,,,,,,,,,0.009,0.,0.009
,,pattern,393,,,,,,,,,,0.008,0.,0.008
,,pattern,394,,,,,,,,,,0.008,0.,0.008
,,pattern,395,,,,,,,,,,0.01,0.,0.01
,,pattern,396,,,,,,,,,,0.012,0.,0.012
,,pattern,397,,,,,,,,,,0.008,0.,0.008
,,pattern,398,,,,,,,,,,0.008,0.,0.008
,,pattern,399,,,,,,,,,,0.01,0.,0.01
,,pattern,400,,,,,,,,,,0.008,0.,0.008
,,pattern,401,,,,,,,,,,0.008,0.,0.008
,,pattern,402,,,,,,,,,,0.008,0.,0.008
,,pattern,403,,,,,,,,,,0.008,0.,0.008
,,pattern,404,,,,,,,,,,0.008,0.,0.008
,,pattern,405,,,,,,,,,,0.008,0.,0.008
,,pattern,406,,,,,,,,,,0.008,0.,0.008
,,pattern,407,,,,,,,,,,0.008,0.,0.008
,,pattern,408,,,,,,,,,,0.009,0.,0.009
,,pattern,409,,,,,,,,,,0.009,0.,0.009
,,pattern,410,,,,,,,,,,0.008,0.,0.008
,,pattern,411,,,,,,,,,,0.009,0.,0.009
,,pattern,412,,,,,,,,,,0.01,0.,0.01
,,pattern,413,,,,,,,,,,0.009,0.,0.009
,,pattern,414,,,,,,,,,,0.009,0.,0.009
,,pattern,415,,,,,,,,,,0.011,0.,0.011
,,pattern,416,,,,,,,,,,0.01,0.,0.01
,,pattern,417,,,,,,,,,,0.009,0.,0.009
,,pattern,418,,,,,,,,,,0.009,0.,0.009
,,pattern,419,,,,,,,,,,0.012,0.,0.012
,,pattern,420,,,,,,,,,,0.018,0.,0.018
,,pattern,421,,,,,,,,,,0.008,0.,0.008
,,pattern,422,,,,,,,,,,0.008,0.,0.008
,,pattern,423,,,,,,,,,,0.009,0.,0.009
,,pattern,424,,,,,,,,,,0.011,0.,0.011
,,pattern,425,,,,,,,,,,0.009,0.,0.004
,,pattern,426,,,,,,,,,,0.009,0.,0.009
,,pattern,427,,,,,,,,,,0.009,0.,0.009
,,pattern,428,,,,,,,,,,0.009,0.,0.009
,,pattern,429,,,,,,,,,,0.011,0.,0.011
,,pattern,430,,,,,,,,,,0.009,0.,0.009
,,pattern,431,,,,,,,,,,0.009,0.,0.009
,,pattern,432,,,,,,,,,,0.009,0.,0.009
,,pattern,433,,,,,,,,,,0.009,0.,0.009
,,pattern,434,,,,,,,,,,0.009,0.,0.009
,,pattern,435,,,,,,,,,,0.009,0.,0.009
,,pattern,436,,,,,,,,,,0.009,0.,0.009
,,pattern,437,,,,,,,,,,0.01,0.,0.01
,,pattern,438,,,,,,,,,,0.009,0.,0.009
,,pattern,439,,,,,,,,,,0.009,0.,0.009
,,pattern,440,,,,,,,,,,0.009,0.,0.009
,,pattern,441,,,,,,,,,,0.011,0.,0.011
,,pattern,442,,,,,,,,,,0.009,0.,0.009
,,pattern,443,,,,,,,,,,0.009,0.,0.009
,,pattern,444,,,,,,,,,,0.009,0.,0.009
,,pattern,445,,,,,,,,,,0.01,0.,0.01
,,pattern,446,,,,,,,,,,0.009,0.,0.009
,,pattern,447,,,,,,,,,,0.009,0.,0.009
,,pattern,448,,,,,,,,,,0.009,0.,0.009
,,pattern,449,,,,,,,,,,0.009,0.,0.009
,,pattern,450,,,,,,,,,,0.009,0.,0.009
,,pattern,451,,,,,,,,,,0.009,0.,0.009
,,pattern,452,,,,,,,,,,0.012,0.,0.012
,,pattern,453,,,,,,,,,,0.009,0.,0.009
,,pattern,454,,,,,,,,,,0.01,0.,0.01
,,pattern,455,,,,,,,,,,0.009,0.,0.009
,,pattern,456,,,,,,,,,,0.01,0.,0.01
,,pattern,457,,,,,,,,,,0.01,0.,0.01
,,pattern,458,,,,,,,,,,0.009,0.,0.009
,,pattern,459,,,,,,,,,,0.01,0.,0.01
,,pattern,460,,,,,,,,,,0.011,0.,0.011
,,pattern,461,,,,,,,,,,0.01,0.,0.01
,,pattern,462,,,,,,,,,,0.01,0.,0.01
,,pattern,463,,,,,,,,,,0.009,0.,0.009
,,pattern,464,,,,,,,,,,0.01,0.,0.01
,,pattern,465,,,,,,,,,,0.01,0.,0.01
,,pattern,466,,,,,,,,,,0.011,0.,0.011
,,pattern,467,,,,,,,,,,0.01,0.,0.01
,,pattern,468,,,,,,,,,,0.012,0.,0.012
,,pattern,469,,,,,,,,,,0.012,0.,0.012
,,pattern,470,,,,,,,,,,0.009,0.,0.009
,,pattern,471,,,,,,,,,,0.012,0.,0.012
,,pattern,472,,,,,,,,,,0.01,0.,0.01
,,pattern,473,,,,,,,,,,0.01,0.,0.01
,,pattern,474,,,,,,,,,,0.01,0.,0.01
,,pattern,475,,,,,,,,,,0.014,0.,0.014
,,pattern,476,,,,,,,,,,0.01,0.,0.01
,,pattern,477,,,,,,,,,,0.01,0.,0.01
,,pattern,478,,,,,,,,,,0.01,0.,0.01
,,pattern,479,,,,,,,,,,0.011,0.,0.011
,,pattern,480,,,,,,,,,,0.01,0.,0.01
,,pattern,481,,,,,,,,,,0.01,0.003,0.007
,,pattern,482,,,,,,,,,,0.011,0.,0.011
,,pattern,483,,,,,,,,,,0.01,0.,0.01
,,pattern,484,,,,,,,,,,0.011,0.,0.008
,,pattern,485,,,,,,,,,,0.01,0.,0.011
,,pattern,486,,,,,,,,,,0.011,0.,0.011
,,pattern,487,,,,,,,,,,0.012,0.,0.012
,,pattern,488,,,,,,,,,,0.01,0.,0.01
,,pattern,489,,,,,,,,,,0.01,0.,0.01
,,pattern,490,,,,,,,,,,0.011,0.,0.011
,,pattern,491,,,,,,,,,,0.01,0.,0.01
,,pattern,492,,,,,,,,,,0.01,0.,0.01
,,pattern,493,,,,,,,,,,0.012,0.,0.012
,,pattern,494,,,,,,,,,,0.01,0.,0.01
,,pattern,495,,,,,,,,,,0.01,0.,0.01
,,pattern,496,,,,,,,,,,0.01,0.,0.01
,,pattern,497,,,,,,,,,,0.012,0.,0.012
,,pattern,498,,,,,,,,,,0.01,0.,0.01
,,pattern,499,,,,,,,,,,0.01,0.,0.01
,,pattern,500,,,,,,,,,,0.011,0.,0.011
,,pattern,600,,,,,,,,,,0.073,0.013,0.058
,,pattern,800,,,,,,,,,,0.016,0.,0.016
,,pattern,1000,,,,,,,,,,0.024,0.,0.024
,,pattern,1200,,,,,,,,,,0.026,0.,0.025
,,pattern,1400,,,,,,,,,,0.035,0.,0.035
,,pattern,1600,,,,,,,,,,0.038,0.,0.038
,,pattern,1800,,,,,,,,,,0.048,0.,0.048
,,pattern,2000,,,,,,,,,,0.057,0.003,0.053
,,pattern,2200,,,,,,,,,,0.062,0.,0.062
,,pattern,2400,,,,,,,,,,0.062,0.,0.062
,,pattern,2600,,,,,,,,,,0.06,0.003,0.057
,,pattern,2800,,,,,,,,,,0.08,0.,0.082
,,pattern,3000,,,,,,,,,,0.088,0.,0.088
,,pattern,3200,,,,,,,,,,0.085,0.,0.085
,,pattern,3400,,,,,,,,,,0.084,0.,0.084
,,pattern,3600,,,,,,,,,,0.089,0.003,0.085
,,pattern,3800,,,,,,,,,,0.094,0.,0.094
,,pattern,4000,,,,,,,,,,0.096,0.,0.096
,,pattern,4200,,,,,,,,,,0.119,0.,0.119
,,pattern,4400,,,,,,,,,,0.139,0.,0.139
,,pattern,4600,,,,,,,,,,0.124,0.003,0.121
,,pattern,4800,,,,,,,,,,0.128,0.,0.128
,,pattern,5000,,,,,,,,,,0.131,0.,0.131
,,pattern,5200,,,,,,,,,,0.149,0.003,0.145
,,pattern,5400,,,,,,,,,,0.144,0.,0.144
,,pattern,5600,,,,,,,,,,0.152,0.008,0.144
,,pattern,5800,,,,,,,,,,0.15,0.,0.15
,,pattern,6000,,,,,,,,,,0.141,0.,0.141
,,pattern,6200,,,,,,,,,,0.166,0.,0.166
,,pattern,6400,,,,,,,,,,0.165,0.,0.165
,,pattern,6600,,,,,,,,,,0.165,0.,0.165
,,pattern,6800,,,,,,,,,,0.165,0.,0.165
,,pattern,7000,,,,,,,,,,0.164,0.,0.164
,,pattern,7200,,,,,,,,,,0.163,0.,0.163
,,pattern,7400,,,,,,,,,,0.194,0.,0.194
,,pattern,7600,,,,,,,,,,0.188,0.,0.188
,,pattern,7800,,,,,,,,,,0.194,0.,0.194
,,pattern,8000,,,,,,,,,,0.201,0.,0.201
,,pattern,8200,,,,,,,,,,0.213,0.,0.213
,,pattern,8400,,,,,,,,,,0.223,0.,0.222
,,pattern,8600,,,,,,,,,,0.235,0.,0.235
,,pattern,8800,,,,,,,,,,0.253,0.,0.253
,,pattern,9000,,,,,,,,,,0.288,0.007,0.278
,,pattern,9200,,,,,,,,,,0.261,0.,0.261
,,pattern,9400,,,,,,,,,,0.269,0.,0.268
,,pattern,9600,,,,,,,,,,0.267,0.,0.267
,,pattern,9800,,,,,,,,,,0.267,0.,0.267
,,pattern,10000,,,,,,,,,,0.285,0.,0.285
,,pattern,10200,,,,,,,,,,0.318,0.,0.318
,,pattern,10400,,,,,,,,,,0.335,0.,0.335
,,pattern,10600,,,,,,,,,,0.336,0.,0.336
,,pattern,10800,,,,,,,,,,0.343,0.,0.343
,,pattern,11000,,,,,,,,,,0.352,0.,0.352
,,pattern,11200,,,,,,,,,,0.359,0.,0.359
,,pattern,11400,,,,,,,,,,0.363,0.,0.363
,,pattern,11600,,,,,,,,,,0.361,0.,0.361
,,pattern,11800,,,,,,,,,,0.359,0.003,0.356
,,pattern,12000,,,,,,,,,,0.374,0.,0.374
,,pattern,12200,,,,,,,,,,0.396,0.,0.396
,,pattern,12400,,,,,,,,,,0.4,0.,0.4
,,pattern,12600,,,,,,,,,,0.392,0.,0.392
,,pattern,12800,,,,,,,,,,0.4,0.,0.4
,,pattern,13000,,,,,,,,,,0.406,0.,0.406
,,pattern,13200,,,,,,,,,,0.434,0.,0.434
,,pattern,13400,,,,,,,,,,0.415,0.,0.415
,,pattern,13600,,,,,,,,,,0.402,0.,0.402
,,pattern,13800,,,,,,,,,,0.4,0.,0.4
,,pattern,14000,,,,,,,,,,0.396,0.,0.396
,,pattern,14200,,,,,,,,,,0.44,0.,0.44
,,pattern,14400,,,,,,,,,,0.416,0.,0.416
,,pattern,14600,,,,,,,,,,0.371,0.,0.371
,,pattern,14800,,,,,,,,,,0.394,0.,0.394
,,pattern,15000,,,,,,,,,,0.411,0.,0.411
,,pattern,15200,,,,,,,,,,0.417,0.003,0.413
,,pattern,15400,,,,,,,,,,0.425,0.,0.425
,,pattern,15600,,,,,,,,,,0.437,0.,0.436
,,pattern,15800,,,,,,,,,,0.463,0.,0.462
,,pattern,16000,,,,,,,,,,0.47,0.,0.47
,,pattern,16200,,,,,,,,,,0.487,0.,0.487
,,pattern,16400,,,,,,,,,,0.509,0.,0.509
,,pattern,16600,,,,,,,,,,0.51,0.,0.51
,,pattern,16800,,,,,,,,,,0.543,0.,0.543
,,pattern,17000,,,,,,,,,,0.563,0.,0.563
,,pattern,17200,,,,,,,,,,0.564,0.,0.564
,,pattern,17400,,,,,,,,,,0.588,0.004,0.584
,,pattern,17600,,,,,,,,,,0.606,0.,0.606
,,pattern,17800,,,,,,,,,,0.611,0.,0.611
,,pattern,18000,,,,,,,,,,0.634,0.,0.634
,,pattern,18200,,,,,,,,,,0.63,0.,0.63
,,pattern,18400,,,,,,,,,,0.652,0.003,0.648
,,pattern,18600,,,,,,,,,,0.654,0.,0.654
,,pattern,18800,,,,,,,,,,0.639,0.,0.639
,,pattern,19000,,,,,,,,,,0.637,0.,0.637
,,pattern,19200,,,,,,,,,,0.643,0.,0.643
,,pattern,19400,,,,,,,,,,0.638,0.,0.638
,,pattern,19600,,,,,,,,,,0.653,0.,0.653
,,pattern,19800,,,,,,,,,,0.649,0.,0.649
,,pattern,20000,,,,,,,,,,0.685,0.,0.685
